weekday_num,weekday,total_tweets,positive_tweets,positive_ratio,negative_tweets,negative_ratio
0,Mon,310036,177568,0.572733489014179,132468,0.427266510985821
1,Tue,185850,84799,0.45627656712402476,101051,0.5437234328759752
2,Wed,96806,28333,0.29267813978472407,68473,0.707321860215276
3,Thu,106035,25903,0.24428726363936437,80132,0.7557127363606356
4,Fri,225594,110994,0.4920077661639937,114600,0.5079922338360063
5,Sat,330786,173126,0.5233776520167117,157660,0.4766223479832883
6,Sun,344555,199084,0.5778003511776059,145471,0.42219964882239414
